{"cameraMode":{"drawMode":0,"name":"Shaded","section":"Shading Mode"},"sceneLighting":true,"audioPlay":false,"sceneViewState":{"showFog":true,"showMaterialUpdate":false,"showSkybox":true,"showFlares":true,"showImageEffects":true,"showParticleSystems":true},"in2DMode":false,"pivot":{"x":-8.116540908813477,"y":1.144281268119812,"z":15.261707305908204},"rotation":{"x":-0.06145540252327919,"y":0.10073304921388626,"z":-0.0062330630607903,"w":-0.9929981231689453},"size":17.681114196777345,"orthographic":false}