{"cameraMode":{"drawMode":0,"name":"Shaded","section":"Shading Mode"},"sceneLighting":false,"audioPlay":false,"sceneViewState":{"showFog":true,"showMaterialUpdate":false,"showSkybox":false,"showFlares":true,"showImageEffects":true,"showParticleSystems":true},"in2DMode":false,"pivot":{"x":1.6429462432861329,"y":-3.416659355163574,"z":8.756183624267579},"rotation":{"x":-0.06145540252327919,"y":0.10073304921388626,"z":-0.0062330630607903,"w":-0.9929981231689453},"size":0.6495190262794495,"orthographic":false}